Name,threshold,ID,IndMean,IndMax,SpeciesMean,SpeciesMeanMax,Species,LogMass,Device,DeviceAttachment
Annett_Bettong,active,Finn,0.299270632033184,6.39260688632133,0.263401713822742,6.39260688632133,Rufous Bettong,3.51,Axivity,
Annett_Bettong,active,Piper,0.2275327956123,5.81084187258485,0.263401713822742,6.39260688632133,Rufous Bettong,3.51,Axivity,
Annett_Bettong,inactive,Finn,0.00651784186523062,0.0499992892279087,0.00670009237224193,0.0499996024896788,Rufous Bettong,3.51,Axivity,
Annett_Bettong,inactive,Piper,0.00688234287925324,0.0499996024896788,0.00670009237224193,0.0499996024896788,Rufous Bettong,3.51,Axivity,
Annett_Glider,active,Flip,0.196036635575955,3.28868814772696,0.21435025931491,3.28868814772696,Mahogany Glider,2.6,Axivity,Collar
Annett_Glider,active,Gilberta,0.232663883053864,1.95363691953648,0.21435025931491,3.28868814772696,Mahogany Glider,2.6,Axivity,Collar
Annett_Glider,inactive,Flip,0.0139727447271543,0.0499993559124754,0.0135390228735537,0.0499993559124754,Mahogany Glider,2.6,Axivity,Collar
Annett_Glider,inactive,Gilberta,0.0131053010199531,0.0499610275239577,0.0135390228735537,0.0499993559124754,Mahogany Glider,2.6,Axivity,Collar
Annett_Kangaroo,active,Big_Cahuna_Collar3,0.148673279170175,2.61072965279831,0.148482106857539,3.62939385493296,"Red Kangaroo, Western Grey Kangaroo",4.65,Axivity,Collar
Annett_Kangaroo,active,Windy_collar9,0.171700652927274,0.832595322775944,0.148482106857539,3.62939385493296,"Red Kangaroo, Western Grey Kangaroo",4.65,Axivity,Collar
Annett_Kangaroo,active,Gramps_collar2,0.140381347089981,2.00643830358988,0.148482106857539,3.62939385493296,"Red Kangaroo, Western Grey Kangaroo",4.65,Axivity,Collar
Annett_Kangaroo,active,Gully_Rat_Collar6,0.163475629819875,0.88189250953391,0.148482106857539,3.62939385493296,"Red Kangaroo, Western Grey Kangaroo",4.65,Axivity,Collar
Annett_Kangaroo,active,Lola_Collar15,0.154117656484987,1.89354184710713,0.148482106857539,3.62939385493296,"Red Kangaroo, Western Grey Kangaroo",4.65,Axivity,Collar
Annett_Kangaroo,active,Munchies_Collar5,0.148806087889468,3.62939385493296,0.148482106857539,3.62939385493296,"Red Kangaroo, Western Grey Kangaroo",4.65,Axivity,Collar
Annett_Kangaroo,active,Romeo_Collar14,0.138342166882515,2.85471267374944,0.148482106857539,3.62939385493296,"Red Kangaroo, Western Grey Kangaroo",4.65,Axivity,Collar
Annett_Kangaroo,active,Sleey_Dave_Collar10,0.122360034596034,2.54115627082715,0.148482106857539,3.62939385493296,"Red Kangaroo, Western Grey Kangaroo",4.65,Axivity,Collar
Annett_Kangaroo,inactive,Gramps_collar2,0.00892550304538747,0.0499987652592486,0.00909443933449041,0.0499996972713235,"Red Kangaroo, Western Grey Kangaroo",4.65,Axivity,Collar
Annett_Kangaroo,inactive,Gully_Rat_Collar6,0.00594868312548175,0.0499992605678422,0.00909443933449041,0.0499996972713235,"Red Kangaroo, Western Grey Kangaroo",4.65,Axivity,Collar
Annett_Kangaroo,inactive,Lola_Collar15,0.011860032725302,0.0499996972713235,0.00909443933449041,0.0499996972713235,"Red Kangaroo, Western Grey Kangaroo",4.65,Axivity,Collar
Annett_Kangaroo,inactive,Munchies_Collar5,0.00839215286540311,0.0499911905897112,0.00909443933449041,0.0499996972713235,"Red Kangaroo, Western Grey Kangaroo",4.65,Axivity,Collar
Annett_Kangaroo,inactive,Romeo_Collar14,0.013214784334843,0.0499982091013948,0.00909443933449041,0.0499996972713235,"Red Kangaroo, Western Grey Kangaroo",4.65,Axivity,Collar
Annett_Kangaroo,inactive,Sleey_Dave_Collar10,0.00738125720442543,0.0499972187286866,0.00909443933449041,0.0499996972713235,"Red Kangaroo, Western Grey Kangaroo",4.65,Axivity,Collar
Annett_Kangaroo,inactive,Big_Cahuna_Collar3,0.0121683255907018,0.0499988514568566,0.00909443933449041,0.0499996972713235,"Red Kangaroo, Western Grey Kangaroo",4.65,Axivity,Collar
Annett_Kangaroo,inactive,Windy_collar9,0.0048647757843787,0.0499930529683828,0.00909443933449041,0.0499996972713235,"Red Kangaroo, Western Grey Kangaroo",4.65,Axivity,Collar
Annett_Possum,active,41587_Larry_2207_2707,0.173432872416613,6.71018912750119,0.155391639592555,9.48778794866178,Brushtail Possum,3.42,Axivity,Chest
Annett_Possum,active,47056_Damien_2207_0507,0.149238651184662,4.76947866364415,0.155391639592555,9.48778794866178,Brushtail Possum,3.42,Axivity,Chest
Annett_Possum,active,47607_Hughey_1308_0309,0.126791377532436,5.24981426662694,0.155391639592555,9.48778794866178,Brushtail Possum,3.42,Axivity,Chest
Annett_Possum,active,48835_Joe,0.172103657236509,9.48778794866178,0.155391639592555,9.48778794866178,Brushtail Possum,3.42,Axivity,Chest
Annett_Possum,inactive,41587_Larry_2207_2707,0.0117656371735992,0.0499980047394485,0.0102644037495489,0.0499999864860952,Brushtail Possum,3.42,Axivity,Chest
Annett_Possum,inactive,47056_Damien_2207_0507,0.0099248749870841,0.0499991414910676,0.0102644037495489,0.0499999864860952,Brushtail Possum,3.42,Axivity,Chest
Annett_Possum,inactive,47607_Hughey_1308_0309,0.00989228238576163,0.0499999864860952,0.0102644037495489,0.0499999864860952,Brushtail Possum,3.42,Axivity,Chest
Annett_Possum,inactive,48835_Joe,0.00947482045175067,0.0499971636451862,0.0102644037495489,0.0499999864860952,Brushtail Possum,3.42,Axivity,Chest
Annett_Wallaby,active,Snowpea_210524,0.181180961649136,2.16144454078428,0.181180961649136,2.16144454078428,Swamp Wallaby,4,Axivity,Collar
Annett_Wallaby,inactive,Snowpea_210524,0.0230893287714379,0.0499908048282207,0.0230893287714379,0.0499908048282207,Swamp Wallaby,4,Axivity,Collar
Buchmann_Camel,active,faya,0.304385026395273,1.39547550268469,0.274549801223474,1.53079398617077,Bactrian,5.84,,Collar
Buchmann_Camel,active,kiara,0.307726828735936,1.53079398617077,0.274549801223474,1.53079398617077,Bactrian,5.84,,Collar
Buchmann_Camel,active,renate,0.211537548539213,0.337246372456656,0.274549801223474,1.53079398617077,Bactrian,5.84,,Collar
Buchmann_CameroonSheep,active,671810,0.949246260908563,2.97076068760774,0.797310724177633,4.39650937259009,Cameroon,4.59,,Collar
Buchmann_CameroonSheep,active,85112,0.677758388504048,1.91451350543059,0.797310724177633,4.39650937259009,Cameroon,4.59,,Collar
Buchmann_CameroonSheep,active,89559,0.969084290070162,2.81341960605117,0.797310724177633,4.39650937259009,Cameroon,4.59,,Collar
Buchmann_CameroonSheep,active,89560,0.593153957227759,4.39650937259009,0.797310724177633,4.39650937259009,Cameroon,4.59,,Collar
Buchmann_Cow,active,bellis,0.269588363823942,2.31561727533325,0.343478158133902,2.88253713377717,Holstein–Friesian and Jersey,5.9,,Collar
Buchmann_Cow,active,deborah,0.470255573000225,1.49390306646555,0.343478158133902,2.88253713377717,Holstein–Friesian and Jersey,5.9,,Collar
Buchmann_Cow,active,cosima,0.116250860724769,0.606288059072164,0.343478158133902,2.88253713377717,Holstein–Friesian and Jersey,5.9,,Collar
Buchmann_Cow,active,dana,0.544315099796809,2.88253713377717,0.343478158133902,2.88253713377717,Holstein–Friesian and Jersey,5.9,,Collar
Buchmann_Cow,active,funkie,0.185232687614473,0.753308398430216,0.343478158133902,2.88253713377717,Holstein–Friesian and Jersey,5.9,,Collar
Buchmann_Cow,active,jolie,0.475226363843191,1.56289678940211,0.343478158133902,2.88253713377717,Holstein–Friesian and Jersey,5.9,,Collar
Buchmann_Cow,inactive,cosima,0.035173533880248,0.049902393332451,0.0381697025335966,0.0499476118364637,Holstein–Friesian and Jersey,5.9,,Collar
Buchmann_Cow,inactive,bellis,0.0407956283375222,0.0499476118364637,0.0381697025335966,0.0499476118364637,Holstein–Friesian and Jersey,5.9,,Collar
Buchmann_Cow,inactive,funkie,0.0385399453830194,0.0494886445091122,0.0381697025335966,0.0499476118364637,Holstein–Friesian and Jersey,5.9,,Collar
Buchmann_Donkey,active,briese,0.556220872514966,1.81179449253467,0.503880611360074,2.03492469996151,Poitou,5.7,,Collar
Buchmann_Donkey,active,hatari,0.37897838319402,1.96088566721859,0.503880611360074,2.03492469996151,Poitou,5.7,,Collar
Buchmann_Donkey,active,nepomuk,0.576442578371236,2.03492469996151,0.503880611360074,2.03492469996151,Poitou,5.7,,Collar
Buchmann_DwarfGoat,active,18912,0.515851338581246,4.53372112265435,0.561151132964464,4.53372112265435,West African Dwarf,4.43,,Collar
Buchmann_DwarfGoat,active,518024,0.606450927347683,2.03107927376311,0.561151132964464,4.53372112265435,West African Dwarf,4.43,,Collar
Buchmann_Goat,active,black,0.573748048347618,2.45406590258603,0.557210881722309,2.45406590258603,Bunte Deutsche Edelziege,4.8,,Collar
Buchmann_Goat,active,bolle,0.501135864517773,1.92708151154707,0.557210881722309,2.45406590258603,Bunte Deutsche Edelziege,4.8,,Collar
Buchmann_Goat,active,lilli,0.544426156668816,2.27953934383667,0.557210881722309,2.45406590258603,Bunte Deutsche Edelziege,4.8,,Collar
Buchmann_Goat,active,linus,0.339198186204684,2.16383643169821,0.557210881722309,2.45406590258603,Bunte Deutsche Edelziege,4.8,,Collar
Buchmann_Goat,active,ulla,0.827546152872652,2.41491128110575,0.557210881722309,2.45406590258603,Bunte Deutsche Edelziege,4.8,,Collar
Buchmann_Goat,inactive,linus,0.0377413104391134,0.0477782310744327,0.0377413104391134,0.0477782310744327,Bunte Deutsche Edelziege,4.8,,Collar
Buchmann_Horse,active,geronimo,0.548638324389648,1.54827638108188,0.410646144206313,1.7537183416558,Dulmener  and Shetland Pony,5.34,,Collar
Buchmann_Horse,active,marek,0.344883112815326,1.7537183416558,0.410646144206313,1.7537183416558,Dulmener  and Shetland Pony,5.34,,Collar
Buchmann_Horse,active,mephisto,0.394464991252633,1.0634314426274,0.410646144206313,1.7537183416558,Dulmener  and Shetland Pony,5.34,,Collar
Buchmann_Horse,active,nevada,0.354598148367644,1.67984682672713,0.410646144206313,1.7537183416558,Dulmener  and Shetland Pony,5.34,,Collar
Buchmann_MerinoSheep,active,15,0.218454857454741,1.7144566696088,0.267990683629492,6.53685904873509,Merino,5,,Collar
Buchmann_MerinoSheep,active,6,0.242363014528113,1.68563488155307,0.267990683629492,6.53685904873509,Merino,5,,Collar
Buchmann_MerinoSheep,active,17,0.442663668764068,2.47606809502669,0.267990683629492,6.53685904873509,Merino,5,,Collar
Buchmann_MerinoSheep,active,8,0.190154920399583,1.67343826176184,0.267990683629492,6.53685904873509,Merino,5,,Collar
Buchmann_MerinoSheep,active,4,0.246316957000956,6.53685904873509,0.267990683629492,6.53685904873509,Merino,5,,Collar
Buchmann_MerinoSheep,inactive,15,0.0160210030016506,0.0498115828991412,0.0352238320961612,0.0499329356744544,Merino,5,,Collar
Buchmann_MerinoSheep,inactive,6,0.041273633136036,0.0441303487442485,0.0352238320961612,0.0499329356744544,Merino,5,,Collar
Buchmann_MerinoSheep,inactive,17,0.0460158543845315,0.0499329356744544,0.0352238320961612,0.0499329356744544,Merino,5,,Collar
Buchmann_MerinoSheep,inactive,8,0.0375848378624267,0.0499125053907746,0.0352238320961612,0.0499329356744544,Merino,5,,Collar
Buchmann_Mule,active,viska,0.300672291712018,1.18938599645672,0.300672291712018,1.18938599645672,Mule,5.47,,Collar
Buchmann_Pig,active,619,0.532703495594318,2.06004354727168,0.645240115517941,4.84521944231404,Deutsche Landrasse x Pietrain and Kunekune,5.11,,Collar
Buchmann_Pig,active,643,0.876480743157447,4.84521944231404,0.645240115517941,4.84521944231404,Deutsche Landrasse x Pietrain and Kunekune,5.11,,Collar
Buchmann_Pig,active,660,0.702538775976114,1.76958948090953,0.645240115517941,4.84521944231404,Deutsche Landrasse x Pietrain and Kunekune,5.11,,Collar
Buchmann_Pig,active,specki,0.559708081359605,1.15209444125333,0.645240115517941,4.84521944231404,Deutsche Landrasse x Pietrain and Kunekune,5.11,,Collar
Buchmann_Pig,active,tommy,0.554769481502222,1.08309043370858,0.645240115517941,4.84521944231404,Deutsche Landrasse x Pietrain and Kunekune,5.11,,Collar
Clemente_Echidna,active,B1,0.221644783264792,0.972427121661242,0.222571418413449,0.972427121661242,Short-beaked echidna,3.51,LIS302DL,Back
Clemente_Echidna,active,B2,0.275780333783617,0.907779725919336,0.222571418413449,0.972427121661242,Short-beaked echidna,3.51,LIS302DL,Back
Clemente_Echidna,active,Frank,0.20791410463685,0.838247438829806,0.222571418413449,0.972427121661242,Short-beaked echidna,3.51,LIS302DL,Back
Clemente_Echidna,active,Green,0.232329169272262,0.78584246576147,0.222571418413449,0.972427121661242,Short-beaked echidna,3.51,LIS302DL,Back
Clemente_Echidna,active,Orange,0.175188701109724,0.849120454302453,0.222571418413449,0.972427121661242,Short-beaked echidna,3.51,LIS302DL,Back
Clemente_Echidna,inactive,B1,0.024587563318211,0.0499033443751652,0.0271681868611435,0.0499893158997471,Short-beaked echidna,3.51,LIS302DL,Back
Clemente_Echidna,inactive,B2,0.0229182245292625,0.0488892208704469,0.0271681868611435,0.0499893158997471,Short-beaked echidna,3.51,LIS302DL,Back
Clemente_Echidna,inactive,Frank,0.0315558499442349,0.0499893158997471,0.0271681868611435,0.0499893158997471,Short-beaked echidna,3.51,LIS302DL,Back
Clemente_Echidna,inactive,Green,0.0241489810873487,0.0497534155704426,0.0271681868611435,0.0499893158997471,Short-beaked echidna,3.51,LIS302DL,Back
Clemente_Echidna,inactive,Orange,0.0326303154266605,0.0499095362335307,0.0271681868611435,0.0499893158997471,Short-beaked echidna,3.51,LIS302DL,Back
Clemente_Impala,active,10,0.127699300385941,3.16064776998651,0.147110668231347,4.7032764141397,Common Impala,4.69,Axivity,Collar
Clemente_Impala,active,5,0.152235836981846,4.68703277159257,0.147110668231347,4.7032764141397,Common Impala,4.69,Axivity,Collar
Clemente_Impala,active,12,0.160303430333824,2.89553388397529,0.147110668231347,4.7032764141397,Common Impala,4.69,Axivity,Collar
Clemente_Impala,active,6,0.118473175876724,3.96723245639704,0.147110668231347,4.7032764141397,Common Impala,4.69,Axivity,Collar
Clemente_Impala,active,13,0.133559540288275,2.96882128506883,0.147110668231347,4.7032764141397,Common Impala,4.69,Axivity,Collar
Clemente_Impala,active,7,0.133465208154975,3.49507626609469,0.147110668231347,4.7032764141397,Common Impala,4.69,Axivity,Collar
Clemente_Impala,active,14,0.187906322104507,2.97714765592409,0.147110668231347,4.7032764141397,Common Impala,4.69,Axivity,Collar
Clemente_Impala,active,8,0.1475137299844,4.35037063999514,0.147110668231347,4.7032764141397,Common Impala,4.69,Axivity,Collar
Clemente_Impala,active,15,0.13578752683163,2.56858512668015,0.147110668231347,4.7032764141397,Common Impala,4.69,Axivity,Collar
Clemente_Impala,active,9,0.197550253460078,4.7032764141397,0.147110668231347,4.7032764141397,Common Impala,4.69,Axivity,Collar
Clemente_Impala,active,2,0.113314958437071,2.69220068797008,0.147110668231347,4.7032764141397,Common Impala,4.69,Axivity,Collar
Clemente_Impala,active,3,0.157518735936889,3.64886266845528,0.147110668231347,4.7032764141397,Common Impala,4.69,Axivity,Collar
Clemente_Impala,inactive,2,0.0162434222047615,0.049999447713028,0.0119469371318639,0.0499999526120121,Common Impala,4.69,Axivity,Collar
Clemente_Impala,inactive,3,0.00705277488586774,0.0499964528391439,0.0119469371318639,0.0499999526120121,Common Impala,4.69,Axivity,Collar
Clemente_Impala,inactive,10,0.0167345998325485,0.0499991881054592,0.0119469371318639,0.0499999526120121,Common Impala,4.69,Axivity,Collar
Clemente_Impala,inactive,5,0.00794527142695192,0.0499997902906054,0.0119469371318639,0.0499999526120121,Common Impala,4.69,Axivity,Collar
Clemente_Impala,inactive,12,0.0186724049518535,0.0499999263128183,0.0119469371318639,0.0499999526120121,Common Impala,4.69,Axivity,Collar
Clemente_Impala,inactive,6,0.0122096258266821,0.0499995399711484,0.0119469371318639,0.0499999526120121,Common Impala,4.69,Axivity,Collar
Clemente_Impala,inactive,13,0.00863152556731465,0.049999466831604,0.0119469371318639,0.0499999526120121,Common Impala,4.69,Axivity,Collar
Clemente_Impala,inactive,7,0.00986094559914295,0.0499996871744873,0.0119469371318639,0.0499999526120121,Common Impala,4.69,Axivity,Collar
Clemente_Impala,inactive,14,0.00852460570967747,0.0499999526120121,0.0119469371318639,0.0499999526120121,Common Impala,4.69,Axivity,Collar
Clemente_Impala,inactive,8,0.0117199056632354,0.0499976545533431,0.0119469371318639,0.0499999526120121,Common Impala,4.69,Axivity,Collar
Clemente_Impala,inactive,15,0.0104687022835994,0.0499985730581064,0.0119469371318639,0.0499999526120121,Common Impala,4.69,Axivity,Collar
Clemente_Impala,inactive,9,0.0152994616307315,0.0499996030912682,0.0119469371318639,0.0499999526120121,Common Impala,4.69,Axivity,Collar
Clemente_Kudu,active,6017913_0000000000,0.224369515189723,2.07825411857401,0.224369515189723,2.07825411857401,Greater Kudu,5.26,Axivity,Collar
Clemente_Kudu,inactive,6017913_0000000000,0.00834621323758565,0.0499908944080613,0.00834621323758565,0.0499908944080613,Greater Kudu,5.26,Axivity,Collar
Dickinson_Goat,active,barb,0.165584184476844,1.53270151207817,0.137685662461205,2.27461141429079,African pygmy goats (Capra aegagrus hircus),4.41,Daily Diary,Collar
Dickinson_Goat,active,shel,0.148034181592949,2.27461141429079,0.137685662461205,2.27461141429079,African pygmy goats (Capra aegagrus hircus),4.41,Daily Diary,Collar
Dickinson_Goat,active,bett,0.149519537869135,2.0087574436063,0.137685662461205,2.27461141429079,African pygmy goats (Capra aegagrus hircus),4.41,Daily Diary,Collar
Dickinson_Goat,active,wilm,0.120352581132113,0.699146226509856,0.137685662461205,2.27461141429079,African pygmy goats (Capra aegagrus hircus),4.41,Daily Diary,Collar
Dickinson_Goat,active,devi,0.109192403694322,1.41943788525671,0.137685662461205,2.27461141429079,African pygmy goats (Capra aegagrus hircus),4.41,Daily Diary,Collar
Dickinson_Goat,active,hann,0.13783895001029,1.53843975325968,0.137685662461205,2.27461141429079,African pygmy goats (Capra aegagrus hircus),4.41,Daily Diary,Collar
Dickinson_Goat,active,pixi,0.136253144274635,2.10777694472626,0.137685662461205,2.27461141429079,African pygmy goats (Capra aegagrus hircus),4.41,Daily Diary,Collar
Dickinson_Goat,active,popp,0.13081266638111,1.6671964824331,0.137685662461205,2.27461141429079,African pygmy goats (Capra aegagrus hircus),4.41,Daily Diary,Collar
Dickinson_Goat,active,prim,0.141583312719442,1.91520740217802,0.137685662461205,2.27461141429079,African pygmy goats (Capra aegagrus hircus),4.41,Daily Diary,Collar
Dickinson_Goat,inactive,devi,0.0292850856191088,0.0499815141497421,0.0305446787535109,0.049999834426524,African pygmy goats (Capra aegagrus hircus),4.41,Daily Diary,Collar
Dickinson_Goat,inactive,hann,0.0297203956833636,0.0499795381359569,0.0305446787535109,0.049999834426524,African pygmy goats (Capra aegagrus hircus),4.41,Daily Diary,Collar
Dickinson_Goat,inactive,pixi,0.0274054147061249,0.0498668826628675,0.0305446787535109,0.049999834426524,African pygmy goats (Capra aegagrus hircus),4.41,Daily Diary,Collar
Dickinson_Goat,inactive,popp,0.0270563798894675,0.0499991833913229,0.0305446787535109,0.049999834426524,African pygmy goats (Capra aegagrus hircus),4.41,Daily Diary,Collar
Dickinson_Goat,inactive,prim,0.0297972623504826,0.0499378411608889,0.0305446787535109,0.049999834426524,African pygmy goats (Capra aegagrus hircus),4.41,Daily Diary,Collar
Dickinson_Goat,inactive,barb,0.0335926821582943,0.0499844137939473,0.0305446787535109,0.049999834426524,African pygmy goats (Capra aegagrus hircus),4.41,Daily Diary,Collar
Dickinson_Goat,inactive,shel,0.0292346103837749,0.049999834426524,0.0305446787535109,0.049999834426524,African pygmy goats (Capra aegagrus hircus),4.41,Daily Diary,Collar
Dickinson_Goat,inactive,bett,0.036018970682468,0.0499668790777428,0.0305446787535109,0.049999834426524,African pygmy goats (Capra aegagrus hircus),4.41,Daily Diary,Collar
Dickinson_Goat,inactive,wilm,0.032791307308513,0.0499453852254042,0.0305446787535109,0.049999834426524,African pygmy goats (Capra aegagrus hircus),4.41,Daily Diary,Collar
Dickinson_Ibex,active,bern,0.140168973399195,1.81977800383452,0.171825422495463,3.30763817401556,Alpine ibex (Capra ibex),4.66,Daily Diary,Collar
Dickinson_Ibex,active,dais,0.190940800158549,2.13171468534998,0.171825422495463,3.30763817401556,Alpine ibex (Capra ibex),4.66,Daily Diary,Collar
Dickinson_Ibex,active,eliz,0.165156085796322,3.30763817401556,0.171825422495463,3.30763817401556,Alpine ibex (Capra ibex),4.66,Daily Diary,Collar
Dickinson_Ibex,active,elli,0.1868279096412,2.09634394850059,0.171825422495463,3.30763817401556,Alpine ibex (Capra ibex),4.66,Daily Diary,Collar
Dickinson_Ibex,active,gree,0.144732441303476,2.10973633480397,0.171825422495463,3.30763817401556,Alpine ibex (Capra ibex),4.66,Daily Diary,Collar
Dickinson_Ibex,active,lily,0.203126324674032,2.19169774866598,0.171825422495463,3.30763817401556,Alpine ibex (Capra ibex),4.66,Daily Diary,Collar
Dickinson_Ibex,inactive,bern,0.0293795240472849,0.0499639814434254,0.0307314869819644,0.0499903270433814,Alpine ibex (Capra ibex),4.66,Daily Diary,Collar
Dickinson_Ibex,inactive,dais,0.0334976232156924,0.0499866044250358,0.0307314869819644,0.0499903270433814,Alpine ibex (Capra ibex),4.66,Daily Diary,Collar
Dickinson_Ibex,inactive,eliz,0.0297401798482554,0.0499857751071781,0.0307314869819644,0.0499903270433814,Alpine ibex (Capra ibex),4.66,Daily Diary,Collar
Dickinson_Ibex,inactive,elli,0.0315995848077087,0.0498658224613877,0.0307314869819644,0.0499903270433814,Alpine ibex (Capra ibex),4.66,Daily Diary,Collar
Dickinson_Ibex,inactive,gree,0.0284164172905292,0.0499537166486476,0.0307314869819644,0.0499903270433814,Alpine ibex (Capra ibex),4.66,Daily Diary,Collar
Dickinson_Ibex,inactive,lily,0.0317555926823157,0.0499903270433814,0.0307314869819644,0.0499903270433814,Alpine ibex (Capra ibex),4.66,Daily Diary,Collar
Dissanayake_Calf,active,1302,0.251268435336961,2.26425817877891,0.190290214536609,2.26425817877891,Holstein Friesian and Jersey,5,,Collar
Dissanayake_Calf,active,1320,0.192435954716411,1.90738639636901,0.190290214536609,2.26425817877891,Holstein Friesian and Jersey,5,,Collar
Dissanayake_Calf,active,1303,0.137139432961872,2.0085500655745,0.190290214536609,2.26425817877891,Holstein Friesian and Jersey,5,,Collar
Dissanayake_Calf,active,1328,0.194463646841381,1.88665506253063,0.190290214536609,2.26425817877891,Holstein Friesian and Jersey,5,,Collar
Dissanayake_Calf,active,1306,0.192695574228632,2.01166491968591,0.190290214536609,2.26425817877891,Holstein Friesian and Jersey,5,,Collar
Dissanayake_Calf,active,1329,0.152202728067073,1.37075514402928,0.190290214536609,2.26425817877891,Holstein Friesian and Jersey,5,,Collar
Dissanayake_Calf,active,1308,0.250274915773305,1.72356182521497,0.190290214536609,2.26425817877891,Holstein Friesian and Jersey,5,,Collar
Dissanayake_Calf,active,1333,0.15036852956582,1.89204207341774,0.190290214536609,2.26425817877891,Holstein Friesian and Jersey,5,,Collar
Dissanayake_Calf,active,1312,0.174218324986429,2.12483505996495,0.190290214536609,2.26425817877891,Holstein Friesian and Jersey,5,,Collar
Dissanayake_Calf,active,1335,0.406696992522897,1.92367992354262,0.190290214536609,2.26425817877891,Holstein Friesian and Jersey,5,,Collar
Dissanayake_Calf,active,1314,0.171804128793839,1.99789152032013,0.190290214536609,2.26425817877891,Holstein Friesian and Jersey,5,,Collar
Dissanayake_Calf,active,1336,0.254915145852516,1.5842021711158,0.190290214536609,2.26425817877891,Holstein Friesian and Jersey,5,,Collar
Dissanayake_Calf,active,1319,0.195193311343222,1.93421648079866,0.190290214536609,2.26425817877891,Holstein Friesian and Jersey,5,,Collar
Dissanayake_Calf,active,1343,0.236275843476499,1.7101710874113,0.190290214536609,2.26425817877891,Holstein Friesian and Jersey,5,,Collar
Dissanayake_Calf,active,1405,0.225260633021361,1.90362440105882,0.190290214536609,2.26425817877891,Holstein Friesian and Jersey,5,,Collar
Dissanayake_Calf,active,1351,0.228058976155161,1.45111719344478,0.190290214536609,2.26425817877891,Holstein Friesian and Jersey,5,,Collar
Dissanayake_Calf,active,1408,0.120944912644759,1.9620170901695,0.190290214536609,2.26425817877891,Holstein Friesian and Jersey,5,,Collar
Dissanayake_Calf,active,1353,0.231335520775757,1.9805439047347,0.190290214536609,2.26425817877891,Holstein Friesian and Jersey,5,,Collar
Dissanayake_Calf,active,1409,0.127943739031936,0.523483830140065,0.190290214536609,2.26425817877891,Holstein Friesian and Jersey,5,,Collar
Dissanayake_Calf,active,1357,0.221790503450661,1.59108022991117,0.190290214536609,2.26425817877891,Holstein Friesian and Jersey,5,,Collar
Dissanayake_Calf,active,1416,0.235081440671709,1.69093972170608,0.190290214536609,2.26425817877891,Holstein Friesian and Jersey,5,,Collar
Dissanayake_Calf,active,1372,0.224431018577263,1.65981954442815,0.190290214536609,2.26425817877891,Holstein Friesian and Jersey,5,,Collar
Dissanayake_Calf,active,1433,0.102770227901349,0.51181951942711,0.190290214536609,2.26425817877891,Holstein Friesian and Jersey,5,,Collar
Dissanayake_Calf,active,1398,0.241445655423523,1.75452079114347,0.190290214536609,2.26425817877891,Holstein Friesian and Jersey,5,,Collar
Dissanayake_Calf,active,1443,0.164975288008083,1.86505562111984,0.190290214536609,2.26425817877891,Holstein Friesian and Jersey,5,,Collar
Dissanayake_Calf,active,1403,0.101666545725869,0.473073031931829,0.190290214536609,2.26425817877891,Holstein Friesian and Jersey,5,,Collar
Dissanayake_Calf,active,1444,0.0817429938399191,0.518478519039126,0.190290214536609,2.26425817877891,Holstein Friesian and Jersey,5,,Collar
Dissanayake_Calf,active,1449,0.0983145692557328,0.552542399408851,0.190290214536609,2.26425817877891,Holstein Friesian and Jersey,5,,Collar
Dissanayake_Calf,active,1452,0.195903204148541,1.47890986915077,0.190290214536609,2.26425817877891,Holstein Friesian and Jersey,5,,Collar
Dissanayake_Calf,active,1455,0.14708824299978,1.82271540438856,0.190290214536609,2.26425817877891,Holstein Friesian and Jersey,5,,Collar
Dissanayake_Calf,inactive,1302,0.0149033098327104,0.0499906295611082,0.0212906734449048,0.0499955685916389,Holstein Friesian and Jersey,5,,Collar
Dissanayake_Calf,inactive,1303,0.0213253818960208,0.0499263555266793,0.0212906734449048,0.0499955685916389,Holstein Friesian and Jersey,5,,Collar
Dissanayake_Calf,inactive,1306,0.0226229456820476,0.0499753473995534,0.0212906734449048,0.0499955685916389,Holstein Friesian and Jersey,5,,Collar
Dissanayake_Calf,inactive,1308,0.0195749831893439,0.0499659875681894,0.0212906734449048,0.0499955685916389,Holstein Friesian and Jersey,5,,Collar
Dissanayake_Calf,inactive,1333,0.0175557483387826,0.0499841552159772,0.0212906734449048,0.0499955685916389,Holstein Friesian and Jersey,5,,Collar
Dissanayake_Calf,inactive,1312,0.0272557751341706,0.0499862812749062,0.0212906734449048,0.0499955685916389,Holstein Friesian and Jersey,5,,Collar
Dissanayake_Calf,inactive,1335,0.0185130786788033,0.0490407633294932,0.0212906734449048,0.0499955685916389,Holstein Friesian and Jersey,5,,Collar
Dissanayake_Calf,inactive,1314,0.0215510633320491,0.0499810610972828,0.0212906734449048,0.0499955685916389,Holstein Friesian and Jersey,5,,Collar
Dissanayake_Calf,inactive,1336,0.0188317251779823,0.0499124682237269,0.0212906734449048,0.0499955685916389,Holstein Friesian and Jersey,5,,Collar
Dissanayake_Calf,inactive,1319,0.0213372541886714,0.0499548425610232,0.0212906734449048,0.0499955685916389,Holstein Friesian and Jersey,5,,Collar
Dissanayake_Calf,inactive,1343,0.0256235760252225,0.0499888023769326,0.0212906734449048,0.0499955685916389,Holstein Friesian and Jersey,5,,Collar
Dissanayake_Calf,inactive,1320,0.0280917786771103,0.0499811890390786,0.0212906734449048,0.0499955685916389,Holstein Friesian and Jersey,5,,Collar
Dissanayake_Calf,inactive,1351,0.0140232572671784,0.0498699720238402,0.0212906734449048,0.0499955685916389,Holstein Friesian and Jersey,5,,Collar
Dissanayake_Calf,inactive,1328,0.0225495327449734,0.0499955685916389,0.0212906734449048,0.0499955685916389,Holstein Friesian and Jersey,5,,Collar
Dissanayake_Calf,inactive,1353,0.0212105623250282,0.0499071432613367,0.0212906734449048,0.0499955685916389,Holstein Friesian and Jersey,5,,Collar
Dissanayake_Calf,inactive,1329,0.0287555611928901,0.0499760975580259,0.0212906734449048,0.0499955685916389,Holstein Friesian and Jersey,5,,Collar
Dissanayake_Calf,inactive,1357,0.0252726932745812,0.0499757829753277,0.0212906734449048,0.0499955685916389,Holstein Friesian and Jersey,5,,Collar
Dissanayake_Calf,inactive,1416,0.0340684383891545,0.0499713910519407,0.0212906734449048,0.0499955685916389,Holstein Friesian and Jersey,5,,Collar
Dissanayake_Calf,inactive,1372,0.024623898380888,0.0499746320601312,0.0212906734449048,0.0499955685916389,Holstein Friesian and Jersey,5,,Collar
Dissanayake_Calf,inactive,1433,0.0131908476798922,0.0498516099588679,0.0212906734449048,0.0499955685916389,Holstein Friesian and Jersey,5,,Collar
Dissanayake_Calf,inactive,1398,0.022502774532471,0.0499755823400185,0.0212906734449048,0.0499955685916389,Holstein Friesian and Jersey,5,,Collar
Dissanayake_Calf,inactive,1443,0.0297565472225633,0.0499223717170478,0.0212906734449048,0.0499955685916389,Holstein Friesian and Jersey,5,,Collar
Dissanayake_Calf,inactive,1403,0.00849627560835546,0.0499090731843715,0.0212906734449048,0.0499955685916389,Holstein Friesian and Jersey,5,,Collar
Dissanayake_Calf,inactive,1444,0.025321321815399,0.0499497468474228,0.0212906734449048,0.0499955685916389,Holstein Friesian and Jersey,5,,Collar
Dissanayake_Calf,inactive,1405,0.014018160978033,0.0499636582354179,0.0212906734449048,0.0499955685916389,Holstein Friesian and Jersey,5,,Collar
Dissanayake_Calf,inactive,1449,0.0172779644144337,0.049700889124294,0.0212906734449048,0.0499955685916389,Holstein Friesian and Jersey,5,,Collar
Dissanayake_Calf,inactive,1408,0.0256210263772732,0.0499927346107758,0.0212906734449048,0.0499955685916389,Holstein Friesian and Jersey,5,,Collar
Dissanayake_Calf,inactive,1452,0.0122256770885707,0.0498815476285045,0.0212906734449048,0.0499955685916389,Holstein Friesian and Jersey,5,,Collar
Dissanayake_Calf,inactive,1409,0.0292340767169023,0.049711178993925,0.0212906734449048,0.0499955685916389,Holstein Friesian and Jersey,5,,Collar
Dissanayake_Calf,inactive,1455,0.0133849671856413,0.0499833922902917,0.0212906734449048,0.0499955685916389,Holstein Friesian and Jersey,5,,Collar
Dunford_Cat,active,F1,0.147842344039268,0.547995287915946,0.173393965687839,1.47604396264321,Domestic cat,3.6,Daily Diary,Collar
Dunford_Cat,active,M4,0.215017327090701,1.26187545634119,0.173393965687839,1.47604396264321,Domestic cat,3.6,Daily Diary,Collar
Dunford_Cat,active,F2,0.316976347372407,1.47604396264321,0.173393965687839,1.47604396264321,Domestic cat,3.6,Daily Diary,Collar
Dunford_Cat,active,M5,0.0720362436194651,0.289175041665589,0.173393965687839,1.47604396264321,Domestic cat,3.6,Daily Diary,Collar
Dunford_Cat,active,F3,0.109179741454603,0.323563571237459,0.173393965687839,1.47604396264321,Domestic cat,3.6,Daily Diary,Collar
Dunford_Cat,active,F4,0.0976907935390339,0.40010698888545,0.173393965687839,1.47604396264321,Domestic cat,3.6,Daily Diary,Collar
Dunford_Cat,active,M1,0.163478865451595,0.640719132964959,0.173393965687839,1.47604396264321,Domestic cat,3.6,Daily Diary,Collar
Dunford_Cat,active,M2,0.125741014894627,0.471980464928855,0.173393965687839,1.47604396264321,Domestic cat,3.6,Daily Diary,Collar
Dunford_Cat,active,M3,0.312583013728855,0.7555207963184,0.173393965687839,1.47604396264321,Domestic cat,3.6,Daily Diary,Collar
Dunford_Cat,inactive,F3,0.0331286605028629,0.0497977525595905,0.0349135612385161,0.0498808277244518,Domestic cat,3.6,Daily Diary,Collar
Dunford_Cat,inactive,F4,0.0267755191885742,0.0496695788524346,0.0349135612385161,0.0498808277244518,Domestic cat,3.6,Daily Diary,Collar
Dunford_Cat,inactive,M1,0.0389201208343457,0.049243779843538,0.0349135612385161,0.0498808277244518,Domestic cat,3.6,Daily Diary,Collar
Dunford_Cat,inactive,M2,0.0319766129013757,0.0491089981018624,0.0349135612385161,0.0498808277244518,Domestic cat,3.6,Daily Diary,Collar
Dunford_Cat,inactive,M3,0.0476315063455811,0.0476315063455811,0.0349135612385161,0.0498808277244518,Domestic cat,3.6,Daily Diary,Collar
Dunford_Cat,inactive,F1,0.0317201178767424,0.0498808277244518,0.0349135612385161,0.0498808277244518,Domestic cat,3.6,Daily Diary,Collar
Dunford_Cat,inactive,M4,0.0479143954906504,0.0479143954906504,0.0349135612385161,0.0498808277244518,Domestic cat,3.6,Daily Diary,Collar
Dunford_Cat,inactive,F2,0.0285426159993307,0.0488517540584843,0.0349135612385161,0.0498808277244518,Domestic cat,3.6,Daily Diary,Collar
Dunford_Cat,inactive,M5,0.0276125020071816,0.0494958744691793,0.0349135612385161,0.0498808277244518,Domestic cat,3.6,Daily Diary,Collar
Galea_Cat,active,Coco_1,0.14764973225939,2.70498039922332,0.150302520922489,3.97381567433675,Domestic cat,3.6,Axivity,Chest
Galea_Cat,active,Max_1,0.210581801447641,3.27225001901245,0.150302520922489,3.97381567433675,Domestic cat,3.6,Axivity,Chest
Galea_Cat,active,Freddie_1,0.118789641627816,2.13259740269677,0.150302520922489,3.97381567433675,Domestic cat,3.6,Axivity,Chest
Galea_Cat,active,Obi_1,0.182229857153666,2.49620034308971,0.150302520922489,3.97381567433675,Domestic cat,3.6,Axivity,Chest
Galea_Cat,active,Jaya_1,0.135642223486107,3.1731748915637,0.150302520922489,3.97381567433675,Domestic cat,3.6,Axivity,Chest
Galea_Cat,active,Romeo_1,0.166799057241447,3.16306586504354,0.150302520922489,3.97381567433675,Domestic cat,3.6,Axivity,Chest
Galea_Cat,active,Jett_1,0.177872769906397,3.66921711256531,0.150302520922489,3.97381567433675,Domestic cat,3.6,Axivity,Chest
Galea_Cat,active,Skippy_1,0.124272958736673,2.6913327346429,0.150302520922489,3.97381567433675,Domestic cat,3.6,Axivity,Chest
Galea_Cat,active,Juliet_1,0.136627869246202,3.97381567433675,0.150302520922489,3.97381567433675,Domestic cat,3.6,Axivity,Chest
Galea_Cat,active,Timmy_1,0.139357295811064,2.60877812042758,0.150302520922489,3.97381567433675,Domestic cat,3.6,Axivity,Chest
Galea_Cat,active,Maple_1,0.136420543427467,2.51951825355197,0.150302520922489,3.97381567433675,Domestic cat,3.6,Axivity,Chest
Galea_Cat,active,Maple_2,0.127386500725995,2.31077493646133,0.150302520922489,3.97381567433675,Domestic cat,3.6,Axivity,Chest
Galea_Cat,inactive,Maple_1,0.00846629309124836,0.0499964412483607,0.00973656901455452,0.0499997978429885,Domestic cat,3.6,Axivity,Chest
Galea_Cat,inactive,Maple_2,0.00855026877453752,0.0499974400160676,0.00973656901455452,0.0499997978429885,Domestic cat,3.6,Axivity,Chest
Galea_Cat,inactive,Coco_1,0.0101615727308657,0.0499986267339018,0.00973656901455452,0.0499997978429885,Domestic cat,3.6,Axivity,Chest
Galea_Cat,inactive,Max_1,0.0102401536024252,0.04999789994768,0.00973656901455452,0.0499997978429885,Domestic cat,3.6,Axivity,Chest
Galea_Cat,inactive,Freddie_1,0.00892546986375366,0.0499995208525484,0.00973656901455452,0.0499997978429885,Domestic cat,3.6,Axivity,Chest
Galea_Cat,inactive,Obi_1,0.00919120586829894,0.0499975557327208,0.00973656901455452,0.0499997978429885,Domestic cat,3.6,Axivity,Chest
Galea_Cat,inactive,Jaya_1,0.00876961682488341,0.0499997978429885,0.00973656901455452,0.0499997978429885,Domestic cat,3.6,Axivity,Chest
Galea_Cat,inactive,Romeo_1,0.0106984751350475,0.0499971278872071,0.00973656901455452,0.0499997978429885,Domestic cat,3.6,Axivity,Chest
Galea_Cat,inactive,Jett_1,0.0105291117065453,0.0499985485967744,0.00973656901455452,0.0499997978429885,Domestic cat,3.6,Axivity,Chest
Galea_Cat,inactive,Skippy_1,0.00893855727832445,0.0499974924725119,0.00973656901455452,0.0499997978429885,Domestic cat,3.6,Axivity,Chest
Galea_Cat,inactive,Juliet_1,0.0115574906836936,0.0499990907900016,0.00973656901455452,0.0499997978429885,Domestic cat,3.6,Axivity,Chest
Galea_Cat,inactive,Timmy_1,0.0108106126150305,0.0499990124608357,0.00973656901455452,0.0499997978429885,Domestic cat,3.6,Axivity,Chest
Gaschk_Quoll,active,Cayless,0.343156185123109,3.61963648756053,0.349081845581145,3.75546232751684,Northern Quoll,2.69,Axivity,Back
Gaschk_Quoll,active,Shillington,0.428146555568079,3.2689645808033,0.349081845581145,3.75546232751684,Northern Quoll,2.69,Axivity,Back
Gaschk_Quoll,active,Disgrace,0.289367397079902,3.75546232751684,0.349081845581145,3.75546232751684,Northern Quoll,2.69,Axivity,Back
Gaschk_Quoll,active,Shillington2,0.349563178294574,1.88942638476358,0.349081845581145,3.75546232751684,Northern Quoll,2.69,Axivity,Back
Gaschk_Quoll,active,Grapes,0.416443816876177,2.83407682020148,0.349081845581145,3.75546232751684,Northern Quoll,2.69,Axivity,Back
Gaschk_Quoll,active,Snowshoe,0.351828168211581,2.75424577617396,0.349081845581145,3.75546232751684,Northern Quoll,2.69,Axivity,Back
Gaschk_Quoll,active,Klemmer,0.333097154887303,2.49283048959499,0.349081845581145,3.75546232751684,Northern Quoll,2.69,Axivity,Back
Gaschk_Quoll,active,Sphynx,0.296686792405648,2.79044790552702,0.349081845581145,3.75546232751684,Northern Quoll,2.69,Axivity,Back
Gaschk_Quoll,active,Maloney,0.335290844815984,3.7252388184617,0.349081845581145,3.75546232751684,Northern Quoll,2.69,Axivity,Back
Gaschk_Quoll,active,Tedesco,0.277877791041067,3.002443757599,0.349081845581145,3.75546232751684,Northern Quoll,2.69,Axivity,Back
Gaschk_Quoll,active,Moimoi,0.388459733650804,2.50620786420431,0.349081845581145,3.75546232751684,Northern Quoll,2.69,Axivity,Back
Gaschk_Quoll,active,Unknown QUOLL,0.430693049854999,3.181529201608,0.349081845581145,3.75546232751684,Northern Quoll,2.69,Axivity,Back
Gaschk_Quoll,active,Moon,0.307547610527751,3.01942621354443,0.349081845581145,3.75546232751684,Northern Quoll,2.69,Axivity,Back
Gaschk_Quoll,active,Wolfram,0.338987559799057,3.56565906375871,0.349081845581145,3.75546232751684,Northern Quoll,2.69,Axivity,Back
Gaschk_Quoll,inactive,Cayless,0.0133066568112609,0.0499993207637423,0.0109645182880635,0.0499996775907781,Northern Quoll,2.69,Axivity,Back
Gaschk_Quoll,inactive,Shillington,0.0115594002628253,0.0499875547259433,0.0109645182880635,0.0499996775907781,Northern Quoll,2.69,Axivity,Back
Gaschk_Quoll,inactive,Disgrace,0.00939172482231428,0.0499948363219941,0.0109645182880635,0.0499996775907781,Northern Quoll,2.69,Axivity,Back
Gaschk_Quoll,inactive,Shillington2,0.00978553107113983,0.049935950965245,0.0109645182880635,0.0499996775907781,Northern Quoll,2.69,Axivity,Back
Gaschk_Quoll,inactive,Grapes,0.010892771552897,0.0499885569476647,0.0109645182880635,0.0499996775907781,Northern Quoll,2.69,Axivity,Back
Gaschk_Quoll,inactive,Snowshoe,0.0154808927587871,0.0499797407803442,0.0109645182880635,0.0499996775907781,Northern Quoll,2.69,Axivity,Back
Gaschk_Quoll,inactive,Klemmer,0.0118581819651512,0.0499698981408201,0.0109645182880635,0.0499996775907781,Northern Quoll,2.69,Axivity,Back
Gaschk_Quoll,inactive,Sphynx,0.00891612989819527,0.0499518492455451,0.0109645182880635,0.0499996775907781,Northern Quoll,2.69,Axivity,Back
Gaschk_Quoll,inactive,Maloney,0.0119395451523514,0.0499710565840161,0.0109645182880635,0.0499996775907781,Northern Quoll,2.69,Axivity,Back
Gaschk_Quoll,inactive,Tedesco,0.00962339270844344,0.0499639180888403,0.0109645182880635,0.0499996775907781,Northern Quoll,2.69,Axivity,Back
Gaschk_Quoll,inactive,Moimoi,0.0137212335406151,0.0499954179515821,0.0109645182880635,0.0499996775907781,Northern Quoll,2.69,Axivity,Back
Gaschk_Quoll,inactive,Unknown QUOLL,0.00893713755604659,0.0499996775907781,0.0109645182880635,0.0499996775907781,Northern Quoll,2.69,Axivity,Back
Gaschk_Quoll,inactive,Moon,0.00977364955247059,0.0499831520970704,0.0109645182880635,0.0499996775907781,Northern Quoll,2.69,Axivity,Back
Gaschk_Quoll,inactive,Wolfram,0.00831700838039053,0.0499972372948454,0.0109645182880635,0.0499996775907781,Northern Quoll,2.69,Axivity,Back
Harris_Sheep,active,1,0.212152855520971,2.8893890446461,0.239265368297213,4.37539672971814,Merino and Suffolk,5,Actigrapgh wGT3X-BT,Face
Harris_Sheep,active,7,0.248695372102292,3.73210431706918,0.239265368297213,4.37539672971814,Merino and Suffolk,5,Actigrapgh wGT3X-BT,Face
Harris_Sheep,active,10,0.267282822505165,4.37539672971814,0.239265368297213,4.37539672971814,Merino and Suffolk,5,Actigrapgh wGT3X-BT,Face
Harris_Sheep,active,8,0.229887454171306,3.81901445296077,0.239265368297213,4.37539672971814,Merino and Suffolk,5,Actigrapgh wGT3X-BT,Face
Harris_Sheep,active,2,0.225742946117244,3.91577011935894,0.239265368297213,4.37539672971814,Merino and Suffolk,5,Actigrapgh wGT3X-BT,Face
Harris_Sheep,active,9,0.235352952377554,3.34058951380294,0.239265368297213,4.37539672971814,Merino and Suffolk,5,Actigrapgh wGT3X-BT,Face
Harris_Sheep,active,3,0.228076638972205,2.73890760655659,0.239265368297213,4.37539672971814,Merino and Suffolk,5,Actigrapgh wGT3X-BT,Face
Harris_Sheep,active,4,0.251593839019764,3.16918775626021,0.239265368297213,4.37539672971814,Merino and Suffolk,5,Actigrapgh wGT3X-BT,Face
Harris_Sheep,active,5,0.203529726977626,2.49483627613765,0.239265368297213,4.37539672971814,Merino and Suffolk,5,Actigrapgh wGT3X-BT,Face
Harris_Sheep,active,6,0.290339075208004,1.94045002708293,0.239265368297213,4.37539672971814,Merino and Suffolk,5,Actigrapgh wGT3X-BT,Face
Harris_Sheep,inactive,3,0.019996374000793,0.0499969908237858,0.0178263520832004,0.0499997269395185,Merino and Suffolk,5,Actigrapgh wGT3X-BT,Face
Harris_Sheep,inactive,4,0.0144120029224344,0.0499906217613875,0.0178263520832004,0.0499997269395185,Merino and Suffolk,5,Actigrapgh wGT3X-BT,Face
Harris_Sheep,inactive,5,0.019159419707749,0.049987176185607,0.0178263520832004,0.0499997269395185,Merino and Suffolk,5,Actigrapgh wGT3X-BT,Face
Harris_Sheep,inactive,6,0.0159717829208961,0.0499949277060566,0.0178263520832004,0.0499997269395185,Merino and Suffolk,5,Actigrapgh wGT3X-BT,Face
Harris_Sheep,inactive,1,0.0165282901168548,0.0499922440694329,0.0178263520832004,0.0499997269395185,Merino and Suffolk,5,Actigrapgh wGT3X-BT,Face
Harris_Sheep,inactive,7,0.0173687325742331,0.0499904431302172,0.0178263520832004,0.0499997269395185,Merino and Suffolk,5,Actigrapgh wGT3X-BT,Face
Harris_Sheep,inactive,10,0.0185032727602303,0.0499886165404429,0.0178263520832004,0.0499997269395185,Merino and Suffolk,5,Actigrapgh wGT3X-BT,Face
Harris_Sheep,inactive,8,0.0143460230039399,0.0499696193067738,0.0178263520832004,0.0499997269395185,Merino and Suffolk,5,Actigrapgh wGT3X-BT,Face
Harris_Sheep,inactive,2,0.0192777933702783,0.0499960518845846,0.0178263520832004,0.0499997269395185,Merino and Suffolk,5,Actigrapgh wGT3X-BT,Face
Harris_Sheep,inactive,9,0.0226998294545951,0.0499997269395185,0.0178263520832004,0.0499997269395185,Merino and Suffolk,5,Actigrapgh wGT3X-BT,Face
HarveyCaroll_Pangolin,active,champ,0.263568523758158,0.622236818891416,0.193305356657718,1.09182610555002,African Pangolin,3.93,,Back
HarveyCaroll_Pangolin,active,shura,0.209521525027619,0.632640622089232,0.193305356657718,1.09182610555002,African Pangolin,3.93,,Back
HarveyCaroll_Pangolin,active,cindy1,0.147000938812473,0.419554211049303,0.193305356657718,1.09182610555002,African Pangolin,3.93,,Back
HarveyCaroll_Pangolin,active,yakachena1,0.34389236537819,0.689603350629129,0.193305356657718,1.09182610555002,African Pangolin,3.93,,Back
HarveyCaroll_Pangolin,active,cindy2,0.157544594379779,0.393127689998027,0.193305356657718,1.09182610555002,African Pangolin,3.93,,Back
HarveyCaroll_Pangolin,active,yakachena2,0.183270997133916,0.519547350037854,0.193305356657718,1.09182610555002,African Pangolin,3.93,,Back
HarveyCaroll_Pangolin,active,dakari,0.176516415830776,1.09182610555002,0.193305356657718,1.09182610555002,African Pangolin,3.93,,Back
HarveyCaroll_Pangolin,active,impi1,0.129815529060083,0.428195251485199,0.193305356657718,1.09182610555002,African Pangolin,3.93,,Back
HarveyCaroll_Pangolin,active,impi2,0.159381062086242,0.606736960996683,0.193305356657718,1.09182610555002,African Pangolin,3.93,,Back
HarveyCaroll_Pangolin,active,impi3,0.162541615109943,0.275970091433081,0.193305356657718,1.09182610555002,African Pangolin,3.93,,Back
HarveyCaroll_Pangolin,inactive,dakari,0.0334707532274581,0.0499678955989907,0.0309567550995091,0.0499678955989907,African Pangolin,3.93,,Back
HarveyCaroll_Pangolin,inactive,impi1,0.0312274301300247,0.0496025632374813,0.0309567550995091,0.0499678955989907,African Pangolin,3.93,,Back
HarveyCaroll_Pangolin,inactive,impi2,0.0329017324248423,0.0489788431087756,0.0309567550995091,0.0499678955989907,African Pangolin,3.93,,Back
HarveyCaroll_Pangolin,inactive,impi3,0.025084486310888,0.0497445086697526,0.0309567550995091,0.0499678955989907,African Pangolin,3.93,,Back
HarveyCaroll_Pangolin,inactive,champ,0.0265876366594092,0.04265504705561,0.0309567550995091,0.0499678955989907,African Pangolin,3.93,,Back
HarveyCaroll_Pangolin,inactive,shura,0.0284674734233182,0.0489871399550165,0.0309567550995091,0.0499678955989907,African Pangolin,3.93,,Back
HarveyCaroll_Pangolin,inactive,cindy1,0.0336471308815513,0.0497538122241591,0.0309567550995091,0.0499678955989907,African Pangolin,3.93,,Back
HarveyCaroll_Pangolin,inactive,yakachena1,0.0306286528880423,0.0497403723703941,0.0309567550995091,0.0499678955989907,African Pangolin,3.93,,Back
HarveyCaroll_Pangolin,inactive,cindy2,0.0331495058685224,0.0499636986361414,0.0309567550995091,0.0499678955989907,African Pangolin,3.93,,Back
HarveyCaroll_Pangolin,inactive,yakachena2,0.0344027491810348,0.0496980251782597,0.0309567550995091,0.0499678955989907,African Pangolin,3.93,,Back
Mauny_Goat,active,21038,0.224963325929796,2.84872689512803,0.204507452811402,3.53739981098114,Alpine goats,4.67,,Ear
Mauny_Goat,active,21119,0.216751598020965,3.53739981098114,0.204507452811402,3.53739981098114,Alpine goats,4.67,,Ear
Mauny_Goat,active,21055,0.209467205515602,2.37614818368111,0.204507452811402,3.53739981098114,Alpine goats,4.67,,Ear
Mauny_Goat,active,21066,0.204167364673981,2.99359299880101,0.204507452811402,3.53739981098114,Alpine goats,4.67,,Ear
Mauny_Goat,active,21083,0.185052167082267,1.3336507599107,0.204507452811402,3.53739981098114,Alpine goats,4.67,,Ear
Mauny_Goat,active,21091,0.190986132672282,3.26100720606483,0.204507452811402,3.53739981098114,Alpine goats,4.67,,Ear
Mauny_Goat,active,21101,0.191889536510618,2.54289852562941,0.204507452811402,3.53739981098114,Alpine goats,4.67,,Ear
Mauny_Goat,active,21118,0.212782292085705,2.3476486912381,0.204507452811402,3.53739981098114,Alpine goats,4.67,,Ear
Mauny_Goat,inactive,21055,0.0262470652231735,0.0499758287259589,0.0293495723174408,0.049999078575436,Alpine goats,4.67,,Ear
Mauny_Goat,inactive,21066,0.0299315525821214,0.0498866914301897,0.0293495723174408,0.049999078575436,Alpine goats,4.67,,Ear
Mauny_Goat,inactive,21083,0.0340188349305396,0.0499796266142309,0.0293495723174408,0.049999078575436,Alpine goats,4.67,,Ear
Mauny_Goat,inactive,21091,0.0328755508181897,0.049955297551353,0.0293495723174408,0.049999078575436,Alpine goats,4.67,,Ear
Mauny_Goat,inactive,21101,0.028535896745816,0.0498661337389869,0.0293495723174408,0.049999078575436,Alpine goats,4.67,,Ear
Mauny_Goat,inactive,21118,0.0274768210693625,0.0495789406336233,0.0293495723174408,0.049999078575436,Alpine goats,4.67,,Ear
Mauny_Goat,inactive,21038,0.0247320644509131,0.049999078575436,0.0293495723174408,0.049999078575436,Alpine goats,4.67,,Ear
Mauny_Goat,inactive,21119,0.0309787927194103,0.0498796083203699,0.0293495723174408,0.049999078575436,Alpine goats,4.67,,Ear
Minasandra_Hyena,active,cc16_352a_A_25Hz,0.263996612566341,4.30602929022976,0.281375808638532,4.30602929022976,Spotted hyenas,4.57,,Collar
Minasandra_Hyena,active,cc16_352b_A_25Hz,0.294279888586709,4.0294255774819,0.281375808638532,4.30602929022976,Spotted hyenas,4.57,,Collar
Minasandra_Hyena,active,cc16_354a_A_25Hz,0.267613000678406,4.04076214692162,0.281375808638532,4.30602929022976,Spotted hyenas,4.57,,Collar
Minasandra_Hyena,active,cc16_360a_A_25Hz,0.315884802961766,3.13131066602403,0.281375808638532,4.30602929022976,Spotted hyenas,4.57,,Collar
Minasandra_Hyena,active,cc16_366a_A_25Hz,0.265104738399435,4.08075048921051,0.281375808638532,4.30602929022976,Spotted hyenas,4.57,,Collar
Minasandra_Hyena,inactive,cc16_352a_A_25Hz,0.00574985514798138,0.0499850118266946,0.00547839834931581,0.0499999099954121,Spotted hyenas,4.57,,Collar
Minasandra_Hyena,inactive,cc16_352b_A_25Hz,0.00596438869159561,0.0499981852883933,0.00547839834931581,0.0499999099954121,Spotted hyenas,4.57,,Collar
Minasandra_Hyena,inactive,cc16_354a_A_25Hz,0.00590961331542112,0.0499998455373134,0.00547839834931581,0.0499999099954121,Spotted hyenas,4.57,,Collar
Minasandra_Hyena,inactive,cc16_360a_A_25Hz,0.00510447139958722,0.0499996271143918,0.00547839834931581,0.0499999099954121,Spotted hyenas,4.57,,Collar
Minasandra_Hyena,inactive,cc16_366a_A_25Hz,0.00466366319199372,0.0499999099954121,0.00547839834931581,0.0499999099954121,Spotted hyenas,4.57,,Collar
Neis_Cow,active,T01_0721.csv,0.108379868019922,1.77871705685061,0.100408015793494,2.40729017917174,Dairy Cow,6,,Collar
Neis_Cow,active,T01_0728.csv,0.0965604387902404,2.15152552131627,0.100408015793494,2.40729017917174,Dairy Cow,6,,Collar
Neis_Cow,active,T01_0722.csv,0.103456288780289,2.03236037803854,0.100408015793494,2.40729017917174,Dairy Cow,6,,Collar
Neis_Cow,active,T01_0729.csv,0.0940288987132396,2.34986072775954,0.100408015793494,2.40729017917174,Dairy Cow,6,,Collar
Neis_Cow,active,T01_0723.csv,0.0984434754871016,2.11197074276658,0.100408015793494,2.40729017917174,Dairy Cow,6,,Collar
Neis_Cow,active,T01_0730.csv,0.09752588782773,2.40729017917174,0.100408015793494,2.40729017917174,Dairy Cow,6,,Collar
Neis_Cow,active,T01_0724.csv,0.0984110656495559,1.84109129966569,0.100408015793494,2.40729017917174,Dairy Cow,6,,Collar
Neis_Cow,active,T01_0731.csv,0.0999767892661352,2.07136566154926,0.100408015793494,2.40729017917174,Dairy Cow,6,,Collar
Neis_Cow,active,T01_0725.csv,0.0991491316359764,2.2744110337058,0.100408015793494,2.40729017917174,Dairy Cow,6,,Collar
Neis_Cow,active,T01_0801.csv,0.10202994340225,1.82242258237639,0.100408015793494,2.40729017917174,Dairy Cow,6,,Collar
Neis_Cow,active,T01_0726.csv,0.104205999850856,2.17145423668485,0.100408015793494,2.40729017917174,Dairy Cow,6,,Collar
Neis_Cow,active,T01_0802.csv,0.108908921999255,1.82882889783447,0.100408015793494,2.40729017917174,Dairy Cow,6,,Collar
Neis_Cow,active,T01_0727.csv,0.102014754328441,2.05941090224998,0.100408015793494,2.40729017917174,Dairy Cow,6,,Collar
Neis_Cow,active,T01_0803.csv,0.106703570969403,1.65206681144029,0.100408015793494,2.40729017917174,Dairy Cow,6,,Collar
Neis_Cow,active,T01_0804.csv,0.0863252021820129,1.30647774760838,0.100408015793494,2.40729017917174,Dairy Cow,6,,Collar
Neis_Cow,inactive,T01_0721.csv,0.0259640069119457,0.0499993745533964,0.0271069160873307,0.0499999700918115,Dairy Cow,6,,Collar
Neis_Cow,inactive,T01_0722.csv,0.0267063712522274,0.0499988454506487,0.0271069160873307,0.0499999700918115,Dairy Cow,6,,Collar
Neis_Cow,inactive,T01_0729.csv,0.0281370866379022,0.0499996914193533,0.0271069160873307,0.0499999700918115,Dairy Cow,6,,Collar
Neis_Cow,inactive,T01_0723.csv,0.0263306369920212,0.0499982169057988,0.0271069160873307,0.0499999700918115,Dairy Cow,6,,Collar
Neis_Cow,inactive,T01_0730.csv,0.0255171627442649,0.0499988670781399,0.0271069160873307,0.0499999700918115,Dairy Cow,6,,Collar
Neis_Cow,inactive,T01_0724.csv,0.0267383771637801,0.049999615262185,0.0271069160873307,0.0499999700918115,Dairy Cow,6,,Collar
Neis_Cow,inactive,T01_0731.csv,0.0273995308385541,0.0499998398108942,0.0271069160873307,0.0499999700918115,Dairy Cow,6,,Collar
Neis_Cow,inactive,T01_0725.csv,0.0256500383952698,0.0499998673298714,0.0271069160873307,0.0499999700918115,Dairy Cow,6,,Collar
Neis_Cow,inactive,T01_0801.csv,0.0256909047721286,0.0499996640763491,0.0271069160873307,0.0499999700918115,Dairy Cow,6,,Collar
Neis_Cow,inactive,T01_0726.csv,0.0263393137446797,0.0499966677213857,0.0271069160873307,0.0499999700918115,Dairy Cow,6,,Collar
Neis_Cow,inactive,T01_0802.csv,0.027333560251142,0.0499999700918115,0.0271069160873307,0.0499999700918115,Dairy Cow,6,,Collar
Neis_Cow,inactive,T01_0727.csv,0.029424986582014,0.0499997549568164,0.0271069160873307,0.0499999700918115,Dairy Cow,6,,Collar
Neis_Cow,inactive,T01_0803.csv,0.0259940101804566,0.049999969871869,0.0271069160873307,0.0499999700918115,Dairy Cow,6,,Collar
Neis_Cow,inactive,T01_0728.csv,0.02800810961194,0.0499996776768921,0.0271069160873307,0.0499999700918115,Dairy Cow,6,,Collar
Neis_Cow,inactive,T01_0804.csv,0.0313696452316345,0.0499995331356291,0.0271069160873307,0.0499999700918115,Dairy Cow,6,,Collar
Pagano_Bear,active,3,0.342344548088485,3.02984805442141,0.287584878955559,3.14164571729144,Polar Bear and Brown Bear,5.26,,
Pagano_Bear,active,5,0.30667187350746,3.06990546422014,0.287584878955559,3.14164571729144,Polar Bear and Brown Bear,5.26,,
Pagano_Bear,active,6,0.251423726286968,2.76639696436743,0.287584878955559,3.14164571729144,Polar Bear and Brown Bear,5.26,,
Pagano_Bear,active,7,0.243640603873775,2.60593071827378,0.287584878955559,3.14164571729144,Polar Bear and Brown Bear,5.26,,
Pagano_Bear,active,8,0.328381894934348,2.90391403823666,0.287584878955559,3.14164571729144,Polar Bear and Brown Bear,5.26,,
Pagano_Bear,active,9,0.253046627042316,3.14164571729144,0.287584878955559,3.14164571729144,Polar Bear and Brown Bear,5.26,,
Pagano_Bear,inactive,3,0.00673694071257202,0.0499992443129335,0.00668927891244356,0.0499999899330204,Polar Bear and Brown Bear,5.26,,
Pagano_Bear,inactive,5,0.0061935748068118,0.0499964400295329,0.00668927891244356,0.0499999899330204,Polar Bear and Brown Bear,5.26,,
Pagano_Bear,inactive,6,0.00643945674335385,0.0499989728974301,0.00668927891244356,0.0499999899330204,Polar Bear and Brown Bear,5.26,,
Pagano_Bear,inactive,7,0.00741680866304018,0.0499999899330204,0.00668927891244356,0.0499999899330204,Polar Bear and Brown Bear,5.26,,
Pagano_Bear,inactive,8,0.00678257079776935,0.0499990522505817,0.00668927891244356,0.0499999899330204,Polar Bear and Brown Bear,5.26,,
Pagano_Bear,inactive,9,0.00656632175111413,0.0499993497051745,0.00668927891244356,0.0499999899330204,Polar Bear and Brown Bear,5.26,,
Rautiainen_Reindeer,active,Acc2,0.113030298425258,0.913956754110016,0.113030298425258,0.913956754110016,9-month-old Reindeer,4.85,Axy,Collar
Rautiainen_Reindeer,inactive,Acc2,0.0322772233049046,0.0499812298273883,0.0322772233049046,0.0499812298273883,9-month-old Reindeer,4.85,Axy,Collar
Smit_Cat,active,Cho,0.171845321961147,3.62862939941757,0.18627024369517,4.53365224709051,Domestic cat,3.6,,Collar
Smit_Cat,active,Hagrid,0.19942955147629,3.87274378486259,0.18627024369517,4.53365224709051,Domestic cat,3.6,,Collar
Smit_Cat,active,Harry,0.167885680489561,4.53365224709051,0.18627024369517,4.53365224709051,Domestic cat,3.6,,Collar
Smit_Cat,active,Hermione,0.183107795130811,3.36894372556983,0.18627024369517,4.53365224709051,Domestic cat,3.6,,Collar
Smit_Cat,active,JellyB,0.186500236533618,3.73944077830567,0.18627024369517,4.53365224709051,Domestic cat,3.6,,Collar
Smit_Cat,active,Jube,0.208852876579597,3.98507406462371,0.18627024369517,4.53365224709051,Domestic cat,3.6,,Collar
Smit_Cat,inactive,Cho,0.00780445705991079,0.0499831660659031,0.00813866642886368,0.0499919904820292,Domestic cat,3.6,,Collar
Smit_Cat,inactive,Hagrid,0.00752209432444518,0.0499236568216705,0.00813866642886368,0.0499919904820292,Domestic cat,3.6,,Collar
Smit_Cat,inactive,Harry,0.00892397152140521,0.0499782472498429,0.00813866642886368,0.0499919904820292,Domestic cat,3.6,,Collar
Smit_Cat,inactive,Hermione,0.00899860321574774,0.0499919904820292,0.00813866642886368,0.0499919904820292,Domestic cat,3.6,,Collar
Smit_Cat,inactive,JellyB,0.00439356854236124,0.0498837896063743,0.00813866642886368,0.0499919904820292,Domestic cat,3.6,,Collar
Smit_Cat,inactive,Jube,0.0111893039093119,0.0499768113975535,0.00813866642886368,0.0499919904820292,Domestic cat,3.6,,Collar
Sparkes_Koala,active,Angelina,0.322757350181577,1.14931006865619,0.237612777816358,3.12307625086235,Koala (Queensland),3.84,Axivity,
Sparkes_Koala,active,Holland,0.174865381760047,1.09973415820095,0.237612777816358,3.12307625086235,Koala (Queensland),3.84,Axivity,
Sparkes_Koala,active,Anne,0.271482280531721,0.995748580234234,0.237612777816358,3.12307625086235,Koala (Queensland),3.84,Axivity,
Sparkes_Koala,active,Meeka,0.16645259226195,2.5727748220781,0.237612777816358,3.12307625086235,Koala (Queensland),3.84,Axivity,
Sparkes_Koala,active,Chadwick,0.288147173618697,1.30896040830814,0.237612777816358,3.12307625086235,Koala (Queensland),3.84,Axivity,
Sparkes_Koala,active,Murray,0.244551218945034,0.939259801825836,0.237612777816358,3.12307625086235,Koala (Queensland),3.84,Axivity,
Sparkes_Koala,active,Dwayne,0.291082211519376,1.17778468929103,0.237612777816358,3.12307625086235,Koala (Queensland),3.84,Axivity,
Sparkes_Koala,active,Nicole,0.218019025453486,1.32801846892326,0.237612777816358,3.12307625086235,Koala (Queensland),3.84,Axivity,
Sparkes_Koala,active,Elsa,0.180674696445742,3.12307625086235,0.237612777816358,3.12307625086235,Koala (Queensland),3.84,Axivity,
Sparkes_Koala,active,Ferrel,0.209133295746806,0.914178614103301,0.237612777816358,3.12307625086235,Koala (Queensland),3.84,Axivity,
Sparkes_Koala,active,Hardy,0.2465753295155,2.11381169860064,0.237612777816358,3.12307625086235,Koala (Queensland),3.84,Axivity,
Sparkes_Koala,inactive,Elsa,0.0231839271910186,0.0499985577773581,0.0228396501861821,0.0499985577773581,Koala (Queensland),3.84,Axivity,
Sparkes_Koala,inactive,Ferrel,0.0217070302089103,0.0493012605311877,0.0228396501861821,0.0499985577773581,Koala (Queensland),3.84,Axivity,
Sparkes_Koala,inactive,Hardy,0.0192581745323117,0.049784342370172,0.0228396501861821,0.0499985577773581,Koala (Queensland),3.84,Axivity,
Sparkes_Koala,inactive,Angelina,0.0265503082277314,0.0499761481777352,0.0228396501861821,0.0499985577773581,Koala (Queensland),3.84,Axivity,
Sparkes_Koala,inactive,Holland,0.0200840472421068,0.0492494024390955,0.0228396501861821,0.0499985577773581,Koala (Queensland),3.84,Axivity,
Sparkes_Koala,inactive,Anne,0.0304104728437662,0.0482393563409193,0.0228396501861821,0.0499985577773581,Koala (Queensland),3.84,Axivity,
Sparkes_Koala,inactive,Meeka,0.0234039405107966,0.0499917098320402,0.0228396501861821,0.0499985577773581,Koala (Queensland),3.84,Axivity,
Sparkes_Koala,inactive,Chadwick,0.0233941192026964,0.0403427517878197,0.0228396501861821,0.0499985577773581,Koala (Queensland),3.84,Axivity,
Sparkes_Koala,inactive,Murray,0.0240880889235977,0.0495564323796949,0.0228396501861821,0.0499985577773581,Koala (Queensland),3.84,Axivity,
Sparkes_Koala,inactive,Dwayne,0.0283751512287552,0.0497523678030504,0.0228396501861821,0.0499985577773581,Koala (Queensland),3.84,Axivity,
Sparkes_Koala,inactive,Nicole,0.010780891936312,0.0499311582364893,0.0228396501861821,0.0499985577773581,Koala (Queensland),3.84,Axivity,
Vehkaoja_Dog,active,16_1,0.687255104792863,6.90343017416655,0.564658848354308,13.4070692555567,Domestic Dog,4.38,,
Vehkaoja_Dog,active,74_2,0.466486255340486,8.89222541444967,0.564658848354308,13.4070692555567,Domestic Dog,4.38,,
Vehkaoja_Dog,active,16_2,0.625558787788397,6.16023124150228,0.564658848354308,13.4070692555567,Domestic Dog,4.38,,
Vehkaoja_Dog,active,23_2,0.606819738308643,4.10466309589022,0.564658848354308,13.4070692555567,Domestic Dog,4.38,,
Vehkaoja_Dog,active,18_1,0.582765196532048,8.74293024267125,0.564658848354308,13.4070692555567,Domestic Dog,4.38,,
Vehkaoja_Dog,active,25_1,0.495110108726342,8.31701987299332,0.564658848354308,13.4070692555567,Domestic Dog,4.38,,
Vehkaoja_Dog,active,19_2,0.348837050928865,5.2600217267942,0.564658848354308,13.4070692555567,Domestic Dog,4.38,,
Vehkaoja_Dog,active,25_2,0.491586366486581,8.70875223002911,0.564658848354308,13.4070692555567,Domestic Dog,4.38,,
Vehkaoja_Dog,active,20_1,0.634619182038002,7.08754277761854,0.564658848354308,13.4070692555567,Domestic Dog,4.38,,
Vehkaoja_Dog,active,26_1,0.516719105667634,7.05799794536105,0.564658848354308,13.4070692555567,Domestic Dog,4.38,,
Vehkaoja_Dog,active,21_1,0.372110201541485,7.84913968682614,0.564658848354308,13.4070692555567,Domestic Dog,4.38,,
Vehkaoja_Dog,active,26_2,0.434998465308626,6.98182219573599,0.564658848354308,13.4070692555567,Domestic Dog,4.38,,
Vehkaoja_Dog,active,22_2,0.433985046733619,7.12742898036418,0.564658848354308,13.4070692555567,Domestic Dog,4.38,,
Vehkaoja_Dog,active,27_1,0.634620680743859,6.7685701792473,0.564658848354308,13.4070692555567,Domestic Dog,4.38,,
Vehkaoja_Dog,active,23_1,0.52192383217509,6.26233113923074,0.564658848354308,13.4070692555567,Domestic Dog,4.38,,
Vehkaoja_Dog,active,27_2,0.657703140537052,5.6791199133124,0.564658848354308,13.4070692555567,Domestic Dog,4.38,,
Vehkaoja_Dog,active,34_1,0.575262716518864,4.72232663927455,0.564658848354308,13.4070692555567,Domestic Dog,4.38,,
Vehkaoja_Dog,active,28_1,0.538510138233961,5.89562136766074,0.564658848354308,13.4070692555567,Domestic Dog,4.38,,
Vehkaoja_Dog,active,34_2,0.606497503916205,4.38572962394199,0.564658848354308,13.4070692555567,Domestic Dog,4.38,,
Vehkaoja_Dog,active,29_1,0.603550502712707,5.49961090032059,0.564658848354308,13.4070692555567,Domestic Dog,4.38,,
Vehkaoja_Dog,active,36_1,0.558037932808701,7.72347558166247,0.564658848354308,13.4070692555567,Domestic Dog,4.38,,
Vehkaoja_Dog,active,29_2,0.548367564426171,5.17354055755777,0.564658848354308,13.4070692555567,Domestic Dog,4.38,,
Vehkaoja_Dog,active,39_1,0.729620440026064,10.7096711875472,0.564658848354308,13.4070692555567,Domestic Dog,4.38,,
Vehkaoja_Dog,active,30_1,0.600513643504244,8.53660481240894,0.564658848354308,13.4070692555567,Domestic Dog,4.38,,
Vehkaoja_Dog,active,39_2,0.706367177147471,10.9199571157823,0.564658848354308,13.4070692555567,Domestic Dog,4.38,,
Vehkaoja_Dog,active,30_2,0.507753949957257,7.96293313723474,0.564658848354308,13.4070692555567,Domestic Dog,4.38,,
Vehkaoja_Dog,active,41_1,0.628755190699172,10.950104113901,0.564658848354308,13.4070692555567,Domestic Dog,4.38,,
Vehkaoja_Dog,active,33_1,0.536902965773963,8.00399487072188,0.564658848354308,13.4070692555567,Domestic Dog,4.38,,
Vehkaoja_Dog,active,41_2,0.550773615810894,12.8267165397726,0.564658848354308,13.4070692555567,Domestic Dog,4.38,,
Vehkaoja_Dog,active,46_2,0.62096426051139,13.4070692555567,0.564658848354308,13.4070692555567,Domestic Dog,4.38,,
Vehkaoja_Dog,active,43_1,0.604275536310887,3.7071343409189,0.564658848354308,13.4070692555567,Domestic Dog,4.38,,
Vehkaoja_Dog,active,47_1,0.525474740683463,9.12592501403312,0.564658848354308,13.4070692555567,Domestic Dog,4.38,,
Vehkaoja_Dog,active,43_2,0.585348455836273,2.70273848805222,0.564658848354308,13.4070692555567,Domestic Dog,4.38,,
Vehkaoja_Dog,active,47_2,0.415322279200638,7.79639599527154,0.564658848354308,13.4070692555567,Domestic Dog,4.38,,
Vehkaoja_Dog,active,44_1,0.53621790075852,6.74100535988519,0.564658848354308,13.4070692555567,Domestic Dog,4.38,,
Vehkaoja_Dog,active,48_1,0.544540412067578,6.44304681354288,0.564658848354308,13.4070692555567,Domestic Dog,4.38,,
Vehkaoja_Dog,active,45_1,0.893453004273522,13.1548463168815,0.564658848354308,13.4070692555567,Domestic Dog,4.38,,
Vehkaoja_Dog,active,48_2,0.555195980166475,7.30474532919602,0.564658848354308,13.4070692555567,Domestic Dog,4.38,,
Vehkaoja_Dog,active,45_2,0.720785160234357,11.2324510823878,0.564658848354308,13.4070692555567,Domestic Dog,4.38,,
Vehkaoja_Dog,active,49_1,0.45773411621841,4.70131512260916,0.564658848354308,13.4070692555567,Domestic Dog,4.38,,
Vehkaoja_Dog,active,46_1,0.628699045471043,12.0286938795914,0.564658848354308,13.4070692555567,Domestic Dog,4.38,,
Vehkaoja_Dog,active,49_2,0.423653463173808,6.13359369527828,0.564658848354308,13.4070692555567,Domestic Dog,4.38,,
Vehkaoja_Dog,active,57_1,0.787012800885945,6.90466287685999,0.564658848354308,13.4070692555567,Domestic Dog,4.38,,
Vehkaoja_Dog,active,51_1,0.538387254543615,6.85101193956884,0.564658848354308,13.4070692555567,Domestic Dog,4.38,,
Vehkaoja_Dog,active,58_2,0.499177697505791,6.8116439580776,0.564658848354308,13.4070692555567,Domestic Dog,4.38,,
Vehkaoja_Dog,active,52_1,0.637759104986824,6.78603281160583,0.564658848354308,13.4070692555567,Domestic Dog,4.38,,
Vehkaoja_Dog,active,59_1,0.515252012911767,6.7121337898666,0.564658848354308,13.4070692555567,Domestic Dog,4.38,,
Vehkaoja_Dog,active,53_1,0.414220797102933,6.07955926757214,0.564658848354308,13.4070692555567,Domestic Dog,4.38,,
Vehkaoja_Dog,active,60_1,0.675479457936932,7.03482415605568,0.564658848354308,13.4070692555567,Domestic Dog,4.38,,
Vehkaoja_Dog,active,54_1,0.620246144046614,9.51480902764306,0.564658848354308,13.4070692555567,Domestic Dog,4.38,,
Vehkaoja_Dog,active,61_1,0.454156890893069,6.85157607122323,0.564658848354308,13.4070692555567,Domestic Dog,4.38,,
Vehkaoja_Dog,active,55_1,0.625644639948026,10.2288920603622,0.564658848354308,13.4070692555567,Domestic Dog,4.38,,
Vehkaoja_Dog,active,63_2,0.351945671450887,6.01765135642275,0.564658848354308,13.4070692555567,Domestic Dog,4.38,,
Vehkaoja_Dog,active,56_1,0.703938113153203,10.5919133815671,0.564658848354308,13.4070692555567,Domestic Dog,4.38,,
Vehkaoja_Dog,active,65_1,0.829520684106253,7.52005243640518,0.564658848354308,13.4070692555567,Domestic Dog,4.38,,
Vehkaoja_Dog,active,74_1,0.429616166157997,7.10211109560506,0.564658848354308,13.4070692555567,Domestic Dog,4.38,,
Vehkaoja_Dog,active,66_2,0.680592469987244,7.99884334935481,0.564658848354308,13.4070692555567,Domestic Dog,4.38,,
Vehkaoja_Dog,active,67_1,0.557772308606233,7.07356992351236,0.564658848354308,13.4070692555567,Domestic Dog,4.38,,
Vehkaoja_Dog,active,68_1,0.449293064411126,10.1640208920498,0.564658848354308,13.4070692555567,Domestic Dog,4.38,,
Vehkaoja_Dog,active,70_1,0.517360064156271,5.80204153165731,0.564658848354308,13.4070692555567,Domestic Dog,4.38,,
Vehkaoja_Dog,active,72_1,0.507657763865463,8.64261955761591,0.564658848354308,13.4070692555567,Domestic Dog,4.38,,
Vehkaoja_Dog,active,73_1,0.500139531219273,2.99597607159652,0.564658848354308,13.4070692555567,Domestic Dog,4.38,,
Vehkaoja_Dog,inactive,18_1,0.0307917114002174,0.0499098854321555,0.0272071133351496,0.0499978343364426,Domestic Dog,4.38,,
Vehkaoja_Dog,inactive,19_2,0.0399657312355368,0.0499200156523502,0.0272071133351496,0.0499978343364426,Domestic Dog,4.38,,
Vehkaoja_Dog,inactive,20_1,0.0223506646639815,0.0498150945341215,0.0272071133351496,0.0499978343364426,Domestic Dog,4.38,,
Vehkaoja_Dog,inactive,21_1,0.039513389006746,0.0495082958292628,0.0272071133351496,0.0499978343364426,Domestic Dog,4.38,,
Vehkaoja_Dog,inactive,22_2,0.0415271708053789,0.0499878751373336,0.0272071133351496,0.0499978343364426,Domestic Dog,4.38,,
Vehkaoja_Dog,inactive,23_1,0.0291458328291981,0.0497102663298891,0.0272071133351496,0.0499978343364426,Domestic Dog,4.38,,
Vehkaoja_Dog,inactive,16_2,0.0105363210670677,0.0496893918404639,0.0272071133351496,0.0499978343364426,Domestic Dog,4.38,,
Vehkaoja_Dog,inactive,23_2,0.0253243495629066,0.0499828746612189,0.0272071133351496,0.0499978343364426,Domestic Dog,4.38,,
Vehkaoja_Dog,inactive,28_1,0.0388296369680615,0.0499561361510287,0.0272071133351496,0.0499978343364426,Domestic Dog,4.38,,
Vehkaoja_Dog,inactive,25_1,0.0297681464486973,0.0495146847937777,0.0272071133351496,0.0499978343364426,Domestic Dog,4.38,,
Vehkaoja_Dog,inactive,29_1,0.0151027624159,0.0488581651329621,0.0272071133351496,0.0499978343364426,Domestic Dog,4.38,,
Vehkaoja_Dog,inactive,25_2,0.0257792468380155,0.0487332563344368,0.0272071133351496,0.0499978343364426,Domestic Dog,4.38,,
Vehkaoja_Dog,inactive,29_2,0.0119550702406903,0.0495828303597307,0.0272071133351496,0.0499978343364426,Domestic Dog,4.38,,
Vehkaoja_Dog,inactive,26_1,0.0303334754727382,0.0497912709245406,0.0272071133351496,0.0499978343364426,Domestic Dog,4.38,,
Vehkaoja_Dog,inactive,30_1,0.0150014250445541,0.0494510562245964,0.0272071133351496,0.0499978343364426,Domestic Dog,4.38,,
Vehkaoja_Dog,inactive,26_2,0.0323822344569031,0.0496270550794143,0.0272071133351496,0.0499978343364426,Domestic Dog,4.38,,
Vehkaoja_Dog,inactive,30_2,0.0153446511744662,0.0493614715601955,0.0272071133351496,0.0499978343364426,Domestic Dog,4.38,,
Vehkaoja_Dog,inactive,27_1,0.0202048479505017,0.0499361019246635,0.0272071133351496,0.0499978343364426,Domestic Dog,4.38,,
Vehkaoja_Dog,inactive,33_1,0.0375113244935664,0.0497867460850621,0.0272071133351496,0.0499978343364426,Domestic Dog,4.38,,
Vehkaoja_Dog,inactive,27_2,0.0171065282218678,0.0494479187751969,0.0272071133351496,0.0499978343364426,Domestic Dog,4.38,,
Vehkaoja_Dog,inactive,34_1,0.0180732282654154,0.0499153729706486,0.0272071133351496,0.0499978343364426,Domestic Dog,4.38,,
Vehkaoja_Dog,inactive,43_1,0.0254845296140401,0.045860273939019,0.0272071133351496,0.0499978343364426,Domestic Dog,4.38,,
Vehkaoja_Dog,inactive,34_2,0.0225630070629272,0.049395391656676,0.0272071133351496,0.0499978343364426,Domestic Dog,4.38,,
Vehkaoja_Dog,inactive,43_2,0.0241178185926481,0.0490347434278347,0.0272071133351496,0.0499978343364426,Domestic Dog,4.38,,
Vehkaoja_Dog,inactive,36_1,0.0275337409273242,0.0495384390510656,0.0272071133351496,0.0499978343364426,Domestic Dog,4.38,,
Vehkaoja_Dog,inactive,44_1,0.0178641541222661,0.0493792801380754,0.0272071133351496,0.0499978343364426,Domestic Dog,4.38,,
Vehkaoja_Dog,inactive,39_1,0.0268963402044435,0.0499579083625415,0.0272071133351496,0.0499978343364426,Domestic Dog,4.38,,
Vehkaoja_Dog,inactive,45_1,0.0218738268775788,0.0491662671109618,0.0272071133351496,0.0499978343364426,Domestic Dog,4.38,,
Vehkaoja_Dog,inactive,39_2,0.0366958741959435,0.0498024903541692,0.0272071133351496,0.0499978343364426,Domestic Dog,4.38,,
Vehkaoja_Dog,inactive,45_2,0.017251942768224,0.0469116015271432,0.0272071133351496,0.0499978343364426,Domestic Dog,4.38,,
Vehkaoja_Dog,inactive,41_1,0.0300686735447395,0.0498949053324657,0.0272071133351496,0.0499978343364426,Domestic Dog,4.38,,
Vehkaoja_Dog,inactive,46_1,0.0284174324685164,0.0495491106980961,0.0272071133351496,0.0499978343364426,Domestic Dog,4.38,,
Vehkaoja_Dog,inactive,41_2,0.0351594919383991,0.0499978343364426,0.0272071133351496,0.0499978343364426,Domestic Dog,4.38,,
Vehkaoja_Dog,inactive,46_2,0.018963105847988,0.0491961915310861,0.0272071133351496,0.0499978343364426,Domestic Dog,4.38,,
Vehkaoja_Dog,inactive,51_1,0.0245615529637301,0.0496119152518279,0.0272071133351496,0.0499978343364426,Domestic Dog,4.38,,
Vehkaoja_Dog,inactive,47_1,0.0431053736721301,0.0498613120352714,0.0272071133351496,0.0499978343364426,Domestic Dog,4.38,,
Vehkaoja_Dog,inactive,52_1,0.0234529743785396,0.0496962415466182,0.0272071133351496,0.0499978343364426,Domestic Dog,4.38,,
Vehkaoja_Dog,inactive,47_2,0.0380615120616135,0.0499565377162443,0.0272071133351496,0.0499978343364426,Domestic Dog,4.38,,
Vehkaoja_Dog,inactive,53_1,0.0395816068633693,0.049722480922757,0.0272071133351496,0.0499978343364426,Domestic Dog,4.38,,
Vehkaoja_Dog,inactive,48_1,0.0406562965464267,0.049490089470027,0.0272071133351496,0.0499978343364426,Domestic Dog,4.38,,
Vehkaoja_Dog,inactive,54_1,0.0324296748204216,0.0499662855440085,0.0272071133351496,0.0499978343364426,Domestic Dog,4.38,,
Vehkaoja_Dog,inactive,48_2,0.0330948217606164,0.0495696998232407,0.0272071133351496,0.0499978343364426,Domestic Dog,4.38,,
Vehkaoja_Dog,inactive,55_1,0.0231473335206531,0.0483778341273871,0.0272071133351496,0.0499978343364426,Domestic Dog,4.38,,
Vehkaoja_Dog,inactive,49_1,0.0254919954146991,0.0486726980448385,0.0272071133351496,0.0499978343364426,Domestic Dog,4.38,,
Vehkaoja_Dog,inactive,56_1,0.0246647321457964,0.0499669609582305,0.0272071133351496,0.0499978343364426,Domestic Dog,4.38,,
Vehkaoja_Dog,inactive,49_2,0.0255066405652139,0.0499779903505022,0.0272071133351496,0.0499978343364426,Domestic Dog,4.38,,
Vehkaoja_Dog,inactive,57_1,0.0158652724158183,0.0497895582434629,0.0272071133351496,0.0499978343364426,Domestic Dog,4.38,,
Vehkaoja_Dog,inactive,66_2,0.0313758330586649,0.0498999654991588,0.0272071133351496,0.0499978343364426,Domestic Dog,4.38,,
Vehkaoja_Dog,inactive,58_2,0.0315496062481698,0.0497029809058167,0.0272071133351496,0.0499978343364426,Domestic Dog,4.38,,
Vehkaoja_Dog,inactive,67_1,0.0373742837613449,0.049995090253791,0.0272071133351496,0.0499978343364426,Domestic Dog,4.38,,
Vehkaoja_Dog,inactive,59_1,0.0186435042875932,0.0497428924118982,0.0272071133351496,0.0499978343364426,Domestic Dog,4.38,,
Vehkaoja_Dog,inactive,68_1,0.0354153911025278,0.0499131254182101,0.0272071133351496,0.0499978343364426,Domestic Dog,4.38,,
Vehkaoja_Dog,inactive,60_1,0.0190503904288871,0.0491911954032748,0.0272071133351496,0.0499978343364426,Domestic Dog,4.38,,
Vehkaoja_Dog,inactive,70_1,0.0422917700587388,0.0493752518754317,0.0272071133351496,0.0499978343364426,Domestic Dog,4.38,,
Vehkaoja_Dog,inactive,61_1,0.0326097599997778,0.0499548851363043,0.0272071133351496,0.0499978343364426,Domestic Dog,4.38,,
Vehkaoja_Dog,inactive,72_1,0.0286762279399091,0.0496476685916327,0.0272071133351496,0.0499978343364426,Domestic Dog,4.38,,
Vehkaoja_Dog,inactive,63_2,0.0191598920382622,0.0489240376330376,0.0272071133351496,0.0499978343364426,Domestic Dog,4.38,,
Vehkaoja_Dog,inactive,73_1,0.0191173064462204,0.0499264247859168,0.0272071133351496,0.0499978343364426,Domestic Dog,4.38,,
Vehkaoja_Dog,inactive,65_1,0.0233382641645619,0.0496460610186321,0.0272071133351496,0.0499978343364426,Domestic Dog,4.38,,
Vehkaoja_Dog,inactive,74_1,0.0353703193699179,0.0499062898502253,0.0272071133351496,0.0499978343364426,Domestic Dog,4.38,,
Vehkaoja_Dog,inactive,16_1,0.0117321944982625,0.049450042653511,0.0272071133351496,0.0499978343364426,Domestic Dog,4.38,,
Vehkaoja_Dog,inactive,74_2,0.032078809519958,0.0497817302169333,0.0272071133351496,0.0499978343364426,Domestic Dog,4.38,,
